dining_hall,service,date,meal_type,name,serving_size,calories,total_fat,saturated_fat,trans_fat,cholesterol,sodium,potassium,total_carbohydrate,dietary_fiber,sugars,protein,scraped_at
Everybody Eats,ISR Everybody Eats Menu,,,Brown Sugar,Tablespoon (12g),45,0g,NA,NA,NA,0mg,NA,12g,NA,12g,0g,2025-11-04T01:21:37.539985
Everybody Eats,ISR Everybody Eats Menu,,,Oatmeal,Cup (251g),150,2.5g,0g,NA,0mg,10mg,142mg,27g,4g,<,5g,2025-11-04T01:21:37.539978
Everybody Eats,ISR Everybody Eats Menu,,,Roasted Red Pepper & Gouda Soup,Cup (240g),300,22g,9g,0.5g,40mg,900mg,NA,18g,4g,13g,7g,2025-11-04T01:21:37.539959
Everybody Eats,ISR Everybody Eats Menu,,,Seedless Raisins,1/4 Cup (40g),110,0g,0g,0g,0mg,0mg,NA,29g,1g,21g,1g,2025-11-04T01:21:37.539975
Everybody Eats,ISR Everybody Eats Menu,,,White Rice,1/2 Cup (79g),100,0g,0g,NA,0mg,0mg,0mg,22g,0g,NA,4g,2025-11-04T01:21:37.539982
Everybody Eats,Ike Everybody Eats Menu,,,Oatmeal,Cup (251g),150,2.5g,0g,NA,0mg,10mg,142mg,27g,4g,<,5g,2025-11-04T01:20:38.854561
Ikenberry Dining Center (Ike),Baked Expectations,,,Assorted Danish,Danish (43g),130,6g,3.5g,0g,25mg,125mg,NA,15g,<,5g,3g,2025-11-04T00:36:55.360645
Ikenberry Dining Center (Ike),Baked Expectations,,,Blueberry Muffin,Muffin (128g),420,22g,4g,0g,70mg,400mg,NA,52g,2g,26g,6g,2025-11-04T00:36:55.360545
Ikenberry Dining Center (Ike),Baked Expectations,,,Cake Donuts,1 Donut (45g),190,11g,2g,NA,10mg,300mg,23mg,21g,<,7g,2g,2025-11-04T00:36:55.360637
Ikenberry Dining Center (Ike),Baked Expectations,,,Double Dutch Muffin,Muffin (128g),460,26g,6g,NA,70mg,460mg,NA,54g,2g,32g,6g,2025-11-04T00:36:55.360625
Ikenberry Dining Center (Ike),Build Your Own,,,100% Wheat Bagel,Each (112g),290,2.5g,1g,0g,0mg,410mg,NA,60g,8g,8g,13g,2025-11-04T00:48:58.829848
Ikenberry Dining Center (Ike),Build Your Own,,,100% Whole Wheat Bread,Slice (30g),80,2g,0g,NA,0mg,200mg,113mg,15g,2g,NA,2g,2025-11-04T00:48:58.829919
Ikenberry Dining Center (Ike),Build Your Own,,,9-Grain Bread,Slice (28g),80,1g,0g,NA,0mg,150mg,63mg,14g,2g,3g,3g,2025-11-04T00:48:58.829890
Ikenberry Dining Center (Ike),Build Your Own,,,American Cheese Slice,Slice (19g),70,5g,3.5g,0g,20mg,270mg,NA,1g,0g,1g,3g,2025-11-04T00:48:58.830148
Ikenberry Dining Center (Ike),Build Your Own,,,Blueberry Bagel,6ct (680g),2000,14g,7g,0g,0mg,2790mg,NA,394g,14g,64g,64g,2025-11-04T00:48:58.829862
Ikenberry Dining Center (Ike),Build Your Own,,,Bread Fzn Sliced Wheat Gordon Choice,Slice (28g),70,0.5g,0g,0g,0mg,140mg,NA,14g,1g,2g,3g,2025-11-04T00:48:58.829946
Ikenberry Dining Center (Ike),Build Your Own,,,Cheddar Cheese,Slice (21g),80,7g,4g,0g,20mg,135mg,NA,0g,0g,0g,5g,2025-11-04T00:48:58.830187
Ikenberry Dining Center (Ike),Build Your Own,,,Cinnamon Raisin Bagel,6ct (680g),2000,11g,3.5g,0g,0mg,2790mg,NA,401g,21g,79g,64g,2025-11-04T00:48:58.829876
Ikenberry Dining Center (Ike),Build Your Own,,,Cream Cheese,"1 oz (about 1"" cube) (28g)",100,9g,6g,0g,30mg,110mg,NA,<,0g,<,2g,2025-11-04T00:48:58.830209
Ikenberry Dining Center (Ike),Build Your Own,,,Deli Chicken Breast,1 Ounce Slice (28g),30,0.5g,0g,0g,15mg,270mg,NA,0g,0g,0g,6g,2025-11-04T00:48:58.830066
Ikenberry Dining Center (Ike),Build Your Own,,,Dill Pickle Slices,Tablespoon (14g),0,0g,0g,0g,0mg,130mg,NA,0g,0g,0g,0g,2025-11-04T00:48:58.830096
Ikenberry Dining Center (Ike),Build Your Own,,,English Muffins,Each (74g),170,1.5g,0g,0g,0mg,380mg,NA,31g,2g,1g,6g,2025-11-04T00:48:58.829833
Ikenberry Dining Center (Ike),Build Your Own,,,Green Leaf Lettuce,Leaf (7g),0,0g,0g,0g,0mg,0mg,14mg,0g,0g,0g,0g,2025-11-04T00:48:58.830082
Ikenberry Dining Center (Ike),Build Your Own,,,Halal Roast Beef,1oz Slice (28g),30,1g,0g,NA,15mg,250mg,65mg,0g,NA,NA,4g,2025-11-04T00:48:58.830012
Ikenberry Dining Center (Ike),Build Your Own,,,Halal Turkey Breast,1 Ounce Slice (28g),25,0.5g,0g,NA,10mg,280mg,NA,1g,0g,0g,4g,2025-11-04T00:48:58.830039
Ikenberry Dining Center (Ike),Build Your Own,,,Hard Salami,Ounce (28g),110,10g,4g,0g,35mg,450mg,NA,0g,0g,0g,5g,2025-11-04T00:48:58.830053
Ikenberry Dining Center (Ike),Build Your Own,,,Hummus,1/4 Cup (60g),100,5g,0.5g,0g,0mg,75mg,3mg,9g,2g,2g,3g,2025-11-04T00:48:58.829984
Ikenberry Dining Center (Ike),Build Your Own,,,Ketchup,Tablespoon (17g),20,0g,0g,0g,0mg,160mg,NA,5g,0g,4g,0g,2025-11-04T00:48:58.830250
Ikenberry Dining Center (Ike),Build Your Own,,,Mayonnaise,Tablespoon (14g),100,11g,1.5g,0g,5mg,75mg,NA,0g,0g,0g,0g,2025-11-04T00:48:58.830275
Ikenberry Dining Center (Ike),Build Your Own,,,Mustard,Tablespoon (18g),0,0g,0g,0g,0mg,280mg,NA,0g,0g,0g,0g,2025-11-04T00:48:58.830223
Ikenberry Dining Center (Ike),Build Your Own,,,"Plain, Blueberry&Cinnamon Raisin Bagels",4oz Bagel (113g),280,1g,0g,0g,0mg,530mg,NA,60g,2g,10g,9g,2025-11-04T00:48:58.829960
Ikenberry Dining Center (Ike),Build Your Own,,,Provolone Cheese Slices,Slice (21g),70,6g,3.5g,0g,15mg,180mg,NA,0g,0g,0g,5g,2025-11-04T00:48:58.830161
Ikenberry Dining Center (Ike),Build Your Own,,,Red Onion,3 Rings (18g),5,0g,0g,0g,0mg,0mg,21mg,1g,0g,<,0g,2025-11-04T00:48:58.830122
Ikenberry Dining Center (Ike),Build Your Own,,,Roasted Red Pepper Hummus,2 Tablespoons (30g),60,4g,0g,0g,0mg,170mg,NA,5g,1g,1g,2g,2025-11-04T00:48:58.829999
Ikenberry Dining Center (Ike),Build Your Own,,,Sauce BBQ Sweet Baby Rays No Sugar Added,Tablespoon (14g),10,0g,0g,0g,0mg,150mg,62mg,2g,0g,0g,0g,2025-11-04T00:48:58.830236
Ikenberry Dining Center (Ike),Build Your Own,,,Sliced Pepper Jack Cheese,Slice (21g),70,6g,3.5g,0g,20mg,120mg,NA,0g,0g,0g,5g,2025-11-04T00:48:58.830135
Ikenberry Dining Center (Ike),Build Your Own,,,Sliced Sour Dough Bread,Slice (40g),100,2g,0g,0g,0mg,190mg,0mg,18g,0g,<,3g,2025-11-04T00:48:58.829685
Ikenberry Dining Center (Ike),Build Your Own,,,Sliced Swiss Cheese,Slice (19g),60,4.5g,2.5g,0g,15mg,200mg,NA,0g,0g,0g,4g,2025-11-04T00:48:58.830174
Ikenberry Dining Center (Ike),Build Your Own,,,Smoked Deli Ham,1 Ounce Slice (28g),30,1g,0.5g,0g,15mg,260mg,NA,0g,0g,0g,5g,2025-11-04T00:48:58.830025
Ikenberry Dining Center (Ike),Build Your Own,,,Sweet Pickle Relish,Tablespoon (14g),10,0g,0g,0g,0mg,135mg,NA,2g,0g,2g,0g,2025-11-04T00:48:58.830262
Ikenberry Dining Center (Ike),Build Your Own,,,Tomatoes,1/2 Cup (119g),20,0g,0g,NA,0mg,5mg,NA,5g,1g,3g,1g,2025-11-04T00:48:58.830109
Ikenberry Dining Center (Ike),Build Your Own,,,Wheat Berry Bread,Slice (41g),100,1.5g,0g,0g,0mg,180mg,NA,20g,1g,3g,3g,2025-11-04T00:48:58.829799
Ikenberry Dining Center (Ike),Build Your Own,,,Wheat Berry Bread,Slice (28g),80,1g,0g,0g,0mg,130mg,0mg,14g,<,1g,2g,2025-11-04T00:48:58.829906
Ikenberry Dining Center (Ike),Build Your Own,,,White Sandwich Bread,1 Slice (43g),120,1.5g,0.5g,0g,<,230mg,NA,24g,1g,5g,4g,2025-11-04T00:48:58.829815
Ikenberry Dining Center (Ike),Build Your Own,,,White Sandwich Bread,Slice (57g),150,2g,0g,NA,0mg,310mg,66mg,28g,1g,NA,4g,2025-11-04T00:48:58.829933
Ikenberry Dining Center (Ike),Don,,,Avocado Ranch Chicken Breast,Each (182g),280,19g,8g,NA,100mg,610mg,24mg,6g,1g,NA,24g,2025-11-04T00:38:10.191861
Ikenberry Dining Center (Ike),Don,,,BBQ Pork Rib Tips,Ounce (28g),60,4g,1.5g,0g,15mg,240mg,81mg,1g,0g,0g,5g,2025-11-04T00:38:10.191876
Ikenberry Dining Center (Ike),Don,,,Gehl's Cheese Sauce,1/2 Cup (113g),130,9g,4.5g,0g,0mg,1020mg,NA,11g,0g,2g,0g,2025-11-04T00:38:10.191943
Ikenberry Dining Center (Ike),Don,,,Halal Herb Grilled Chicken Breast,Piece (108g),130,6g,1g,NA,60mg,540mg,7mg,0g,0g,0g,21g,2025-11-04T00:38:10.191853
Ikenberry Dining Center (Ike),Don,,,Hamburger Bun,Each (47g),130,2g,0g,0g,0mg,170mg,NA,25g,1g,4g,5g,2025-11-04T00:38:10.191663
Ikenberry Dining Center (Ike),Don,,,Normandy Blend Vegetables,1/2 Cup (113g),10,0g,0g,0g,0mg,10mg,NA,2g,1g,1g,0g,2025-11-04T00:38:10.191908
Ikenberry Dining Center (Ike),Don,,,Sauce BBQ Sweet Baby Rays No Sugar Added,Tablespoon (14g),10,0g,0g,0g,0mg,150mg,62mg,2g,0g,0g,0g,2025-11-04T00:38:10.191949
Ikenberry Dining Center (Ike),Don,,,Seasoned Curly Fries,3 oz (about 3/4 Cup) (86g),210,15g,3g,0g,0mg,390mg,NA,18g,2g,1g,2g,2025-11-04T00:38:10.191934
Ikenberry Dining Center (Ike),Euclid Street Deli,,,Banana,Banana (180g),160,0.5g,0g,NA,0mg,0mg,644mg,41g,5g,22g,2g,2025-11-04T00:39:15.462899
Ikenberry Dining Center (Ike),Euclid Street Deli,,,Fruit Tray,1/2 Cup (113g),50,0g,0g,NA,0mg,5mg,224mg,13g,1g,11g,<,2025-11-04T00:39:15.462910
Ikenberry Dining Center (Ike),Euclid Street Deli,,,Grapefruit Halves,1/2 Fruit (118g),50,0g,0g,0g,0mg,0mg,159mg,13g,2g,8g,<,2025-11-04T00:39:15.462893
Ikenberry Dining Center (Ike),Euclid Street Deli,,,Mullen's Applesauce,1/2 cup (126g),130,0g,0g,0g,0mg,40mg,91mg,26g,1g,31g,0g,2025-11-04T00:39:15.462916
Ikenberry Dining Center (Ike),Euclid Street Deli,,,Navel Orange,Orange (140g),70,0g,0g,0g,0mg,0mg,232mg,18g,3g,12g,1g,2025-11-04T00:39:15.462904
Ikenberry Dining Center (Ike),Euclid Street Deli,,,Oatmeal,Cup (251g),150,2.5g,0g,NA,0mg,10mg,142mg,27g,4g,<,5g,2025-11-04T00:39:15.462921
Ikenberry Dining Center (Ike),Euclid Street Deli,,,Vanilla Greek Yogurt,1/2 Cup (113g),90,0g,0g,NA,5mg,50mg,NA,11g,0g,11g,11g,2025-11-04T00:39:15.462788
Ikenberry Dining Center (Ike),Euclid Street Deli,,,Yogurt Bar,5 oz (142g),250,2.5g,0.5g,NA,0mg,35mg,47mg,54g,4g,39g,3g,2025-11-04T00:39:15.462926
Ikenberry Dining Center (Ike),Gregory Drive Diner,,,Bacon,2 Strips (14g),20,1.5g,0.5g,0g,<,50mg,NA,0g,0g,0g,2g,2025-11-04T00:40:52.535892
Ikenberry Dining Center (Ike),Gregory Drive Diner,,,Brioche French Toast,Slice (143g),280,13g,7g,NA,170mg,480mg,39mg,30g,<,8g,11g,2025-11-04T00:40:52.535937
Ikenberry Dining Center (Ike),Gregory Drive Diner,,,Chorizo & Egg Breakfast Burrito,Burrito (212g),450,26g,10g,0g,410mg,960mg,205mg,26g,2g,2g,25g,2025-11-04T00:40:52.535929
Ikenberry Dining Center (Ike),Gregory Drive Diner,,,Hard Cooked Eggs,Each (50g),70,5g,1.5g,0g,180mg,70mg,NA,0g,0g,0g,6g,2025-11-04T00:40:52.535903
Ikenberry Dining Center (Ike),Gregory Drive Diner,,,O'Brien Hashbrown Potatoes,1/2 Cup (154g),150,7g,0.5g,NA,0mg,130mg,559mg,22g,3g,2g,2g,2025-11-04T00:40:52.535987
Ikenberry Dining Center (Ike),Gregory Drive Diner,,,Oatmeal,Cup (251g),150,2.5g,0g,NA,0mg,10mg,142mg,27g,4g,<,5g,2025-11-04T00:40:52.535946
Ikenberry Dining Center (Ike),Gregory Drive Diner,,,Pancake Syrup,2 Tablespoon (40g),120,0g,0g,0g,0mg,0mg,NA,29g,0g,13g,0g,2025-11-04T00:40:52.536015
Ikenberry Dining Center (Ike),Gregory Drive Diner,,,Sauteed Peppers & Onions,1/2 Cup (63g),45,3.5g,0.5g,NA,0mg,135mg,104mg,4g,<,2g,<,2025-11-04T00:40:52.535955
Ikenberry Dining Center (Ike),Gregory Drive Diner,,,Scrambled Eggs,1/3 Cup (75g),150,11g,2.5g,0g,260mg,100mg,NA,0g,0g,0g,9g,2025-11-04T00:40:52.535858
Ikenberry Dining Center (Ike),Gregory Drive Diner,,,Tofu Scramble,1 Cup (205g),350,32g,2.5g,NA,0mg,800mg,282mg,13g,1g,3g,7g,2025-11-04T00:40:52.535920
Ikenberry Dining Center (Ike),Gregory Drive Diner,,,Vegetarian Sausage Patties,Patty (38g),70,2.5g,0g,0g,0mg,250mg,NA,4g,1g,1g,9g,2025-11-04T00:40:52.535911
Ikenberry Dining Center (Ike),Gregory Drive Diner,,,White Rice,1/2 Cup (79g),100,0g,0g,NA,0mg,0mg,0mg,22g,0g,NA,4g,2025-11-04T00:40:52.535963
Ikenberry Dining Center (Ike),Inclusive Solutions Kitchen at Ikenberry,,,"6"" Yellow Corn Tortilla",Each (26g),70,0.5g,NA,NA,NA,NA,34mg,15g,1g,0g,1g,2025-11-04T00:45:12.703804
Ikenberry Dining Center (Ike),Inclusive Solutions Kitchen at Ikenberry,,,Chimichurri Flank Steak,4 oz (128g),380,34g,6g,NA,55mg,140mg,2mg,0g,0g,0g,20g,2025-11-04T00:45:12.703845
Ikenberry Dining Center (Ike),Inclusive Solutions Kitchen at Ikenberry,,,Fruit Tray,1/2 Cup (113g),50,0g,0g,NA,0mg,5mg,224mg,13g,1g,11g,<,2025-11-04T00:45:12.703826
Ikenberry Dining Center (Ike),Inclusive Solutions Kitchen at Ikenberry,,,Heidi's Guacamole,1/4 Cup (70g),90,8g,1g,NA,0mg,60mg,22mg,6g,4g,0g,1g,2025-11-04T00:45:12.703887
Ikenberry Dining Center (Ike),Inclusive Solutions Kitchen at Ikenberry,,,Illinois-Grown White Rice,1/2 Cup (92g),120,0g,0g,NA,0mg,0mg,0mg,26g,0g,NA,5g,2025-11-04T00:45:12.703863
Ikenberry Dining Center (Ike),Inclusive Solutions Kitchen at Ikenberry,,,Mixed Vegetables,1/2 Cup (85g),60,0g,0g,0g,0mg,20mg,104mg,11g,3g,4g,2g,2025-11-04T00:45:12.703853
Ikenberry Dining Center (Ike),Inclusive Solutions Kitchen at Ikenberry,,,Pinto Beans,4 oz (111g),100,0g,NA,NA,NA,140mg,5mg,19g,5g,1g,7g,2025-11-04T00:45:12.703871
Ikenberry Dining Center (Ike),Inclusive Solutions Kitchen at Ikenberry,,,Pork Carnita,Pound (459g),1040,63g,24g,NA,370mg,430mg,1mg,2g,0g,1g,110g,2025-11-04T00:45:12.703733
Ikenberry Dining Center (Ike),Inclusive Solutions Kitchen at Ikenberry,,,Salsa Cocina Mexicana,1/2 Cup (123g),20,0g,0g,NA,0mg,5mg,16mg,5g,1g,3g,1g,2025-11-04T00:45:12.703879
Ikenberry Dining Center (Ike),Inclusive Solutions Kitchen at Ikenberry,,,Sweet Loren's Fudgy Brownie Cookies,Each (28g),110,5g,NA,NA,NA,85mg,57mg,17g,1g,10g,2g,2025-11-04T00:45:12.703815
Ikenberry Dining Center (Ike),Inclusive Solutions Kitchen at Ikenberry,,,Vegetable Chile Relleno,1 Pepper (271g),150,5g,2.5g,NA,NA,620mg,80mg,23g,3g,2g,3g,2025-11-04T00:45:12.703837
Ikenberry Dining Center (Ike),Penne Lane,,,Halal Italian Meat Sauce,1/2 Cup (109g),90,5g,2g,NA,15mg,260mg,72mg,5g,1g,3g,5g,2025-11-04T00:41:50.860905
Ikenberry Dining Center (Ike),Penne Lane,,,Herb Roasted Cauliflower,1/2 cup (124g),110,9g,0.5g,NA,0mg,210mg,347mg,6g,3g,3g,2g,2025-11-04T00:41:50.860887
Ikenberry Dining Center (Ike),Penne Lane,,,Marinara Sauce,1/4 Cup (64g),35,1g,0g,0g,0mg,270mg,NA,6g,1g,4g,1g,2025-11-04T00:41:50.860921
Ikenberry Dining Center (Ike),Penne Lane,,,Sister Schubert Rolls,Each (43g),180,4g,1g,0g,10mg,240mg,NA,23g,1g,4g,3g,2025-11-04T00:41:50.860547
Ikenberry Dining Center (Ike),Penne Lane,,,Spaghetti,1 Cup (142g),200,1g,0g,NA,0mg,70mg,44mg,40g,2g,<,7g,2025-11-04T00:41:50.860860
Ikenberry Dining Center (Ike),Prairie Fire,,,Cheese Sticks,Slice (78g),200,8g,4.5g,0g,15mg,480mg,NA,25g,<,2g,10g,2025-11-04T00:42:37.717261
Ikenberry Dining Center (Ike),Prairie Fire,,,Sausage Pizza,1/12 Slice (110g),260,13g,6g,0g,25mg,730mg,65mg,27g,1g,3g,13g,2025-11-04T00:42:37.717305
Ikenberry Dining Center (Ike),Prairie Fire,,,Three Cheese Pizza,Slice (96g),220,9g,5g,NA,20mg,580mg,67mg,27g,1g,3g,11g,2025-11-04T00:42:37.717296
Ikenberry Dining Center (Ike),Soytainly,,,Apple Crisp,1/2 Cup (106g),390,15g,3.5g,NA,NA,115mg,77mg,57g,7g,11g,8g,2025-11-04T00:43:41.234775
Ikenberry Dining Center (Ike),Soytainly,,,Illinois-Grown White Rice,1/2 Cup (92g),120,0g,0g,NA,0mg,0mg,0mg,26g,0g,NA,5g,2025-11-04T00:43:41.234933
Ikenberry Dining Center (Ike),Soytainly,,,Jain Sweet & Sour Tofu,1 Cup (171g),370,23g,3g,NA,0mg,190mg,120mg,28g,2g,7g,10g,2025-11-04T00:43:41.234846
Ikenberry Dining Center (Ike),Soytainly,,,Normandy Blend Vegetables,1/2 Cup (113g),10,0g,0g,0g,0mg,10mg,NA,2g,1g,1g,0g,2025-11-04T00:43:41.234920
Ikenberry Dining Center (Ike),Soytainly,,,Plant-Based Chicken Wrap,Wrap (191g),440,14g,5g,NA,0mg,980mg,443mg,56g,6g,1g,23g,2025-11-04T00:43:41.234871
Ikenberry Dining Center (Ike),Soytainly,,,Smoked Red Beans,Cup (287g),190,4g,0g,NA,0mg,600mg,587mg,30g,9g,6g,11g,2025-11-04T00:43:41.234928
Illinois Street Dining Center (ISR),Build Your Own,,,100% Wheat Bagel,Each (112g),290,2.5g,1g,0g,0mg,410mg,NA,60g,8g,8g,13g,2025-11-04T01:03:45.796757
Illinois Street Dining Center (ISR),Build Your Own,,,100% Whole Wheat Bread,Slice (30g),80,2g,0g,NA,0mg,200mg,113mg,15g,2g,NA,2g,2025-11-04T01:03:45.796820
Illinois Street Dining Center (ISR),Build Your Own,,,9-Grain Bread,Slice (28g),80,1g,0g,NA,0mg,150mg,63mg,14g,2g,3g,3g,2025-11-04T01:03:45.796799
Illinois Street Dining Center (ISR),Build Your Own,,,American Cheese Slice,Slice (19g),70,5g,3.5g,0g,20mg,270mg,NA,1g,0g,1g,3g,2025-11-04T01:03:45.796969
Illinois Street Dining Center (ISR),Build Your Own,,,Blueberry Bagel,6ct (680g),2000,14g,7g,0g,0mg,2790mg,NA,394g,14g,64g,64g,2025-11-04T01:03:45.796778
Illinois Street Dining Center (ISR),Build Your Own,,,Bread Fzn Sliced Wheat Gordon Choice,Slice (28g),70,0.5g,0g,0g,0mg,140mg,NA,14g,1g,2g,3g,2025-11-04T01:03:45.796837
Illinois Street Dining Center (ISR),Build Your Own,,,Cheddar Cheese,Slice (21g),80,7g,4g,0g,20mg,135mg,NA,0g,0g,0g,5g,2025-11-04T01:03:45.796998
Illinois Street Dining Center (ISR),Build Your Own,,,Cinnamon Raisin Bagel,6ct (680g),2000,11g,3.5g,0g,0mg,2790mg,NA,401g,21g,79g,64g,2025-11-04T01:03:45.796789
Illinois Street Dining Center (ISR),Build Your Own,,,Cream Cheese,"1 oz (about 1"" cube) (28g)",100,9g,6g,0g,30mg,110mg,NA,<,0g,<,2g,2025-11-04T01:03:45.797006
Illinois Street Dining Center (ISR),Build Your Own,,,Deli Chicken Breast,1 Ounce Slice (28g),30,0.5g,0g,0g,15mg,270mg,NA,0g,0g,0g,6g,2025-11-04T01:03:45.796912
Illinois Street Dining Center (ISR),Build Your Own,,,Dill Pickle Slices,Tablespoon (14g),0,0g,0g,0g,0mg,130mg,NA,0g,0g,0g,0g,2025-11-04T01:03:45.796930
Illinois Street Dining Center (ISR),Build Your Own,,,English Muffins,Each (74g),170,1.5g,0g,0g,0mg,380mg,NA,31g,2g,1g,6g,2025-11-04T01:03:45.796747
Illinois Street Dining Center (ISR),Build Your Own,,,Green Leaf Lettuce,Leaf (7g),0,0g,0g,0g,0mg,0mg,14mg,0g,0g,0g,0g,2025-11-04T01:03:45.796920
Illinois Street Dining Center (ISR),Build Your Own,,,Halal Roast Beef,1oz Slice (28g),30,1g,0g,NA,15mg,250mg,65mg,0g,NA,NA,4g,2025-11-04T01:03:45.796875
Illinois Street Dining Center (ISR),Build Your Own,,,Halal Turkey Breast,1 Ounce Slice (28g),25,0.5g,0g,NA,10mg,280mg,NA,1g,0g,0g,4g,2025-11-04T01:03:45.796895
Illinois Street Dining Center (ISR),Build Your Own,,,Hard Salami,Ounce (28g),110,10g,4g,0g,35mg,450mg,NA,0g,0g,0g,5g,2025-11-04T01:03:45.796903
Illinois Street Dining Center (ISR),Build Your Own,,,Hummus,1/4 Cup (60g),100,5g,0.5g,0g,0mg,75mg,3mg,9g,2g,2g,3g,2025-11-04T01:03:45.796857
Illinois Street Dining Center (ISR),Build Your Own,,,Ketchup,Tablespoon (17g),20,0g,0g,0g,0mg,160mg,NA,5g,0g,4g,0g,2025-11-04T01:03:45.797032
Illinois Street Dining Center (ISR),Build Your Own,,,Mayonnaise,Tablespoon (14g),100,11g,1.5g,0g,5mg,75mg,NA,0g,0g,0g,0g,2025-11-04T01:03:45.797053
Illinois Street Dining Center (ISR),Build Your Own,,,Mustard,Tablespoon (18g),0,0g,0g,0g,0mg,280mg,NA,0g,0g,0g,0g,2025-11-04T01:03:45.797015
Illinois Street Dining Center (ISR),Build Your Own,,,"Plain, Blueberry&Cinnamon Raisin Bagels",4oz Bagel (113g),280,1g,0g,0g,0mg,530mg,NA,60g,2g,10g,9g,2025-11-04T01:03:45.796847
Illinois Street Dining Center (ISR),Build Your Own,,,Provolone Cheese Slices,Slice (21g),70,6g,3.5g,0g,15mg,180mg,NA,0g,0g,0g,5g,2025-11-04T01:03:45.796979
Illinois Street Dining Center (ISR),Build Your Own,,,Red Onion,3 Rings (18g),5,0g,0g,0g,0mg,0mg,21mg,1g,0g,<,0g,2025-11-04T01:03:45.796950
Illinois Street Dining Center (ISR),Build Your Own,,,Roasted Red Pepper Hummus,2 Tablespoons (30g),60,4g,0g,0g,0mg,170mg,NA,5g,1g,1g,2g,2025-11-04T01:03:45.796866
Illinois Street Dining Center (ISR),Build Your Own,,,Sauce BBQ Sweet Baby Rays No Sugar Added,Tablespoon (14g),10,0g,0g,0g,0mg,150mg,62mg,2g,0g,0g,0g,2025-11-04T01:03:45.797024
Illinois Street Dining Center (ISR),Build Your Own,,,Sliced Pepper Jack Cheese,Slice (21g),70,6g,3.5g,0g,20mg,120mg,NA,0g,0g,0g,5g,2025-11-04T01:03:45.796959
Illinois Street Dining Center (ISR),Build Your Own,,,Sliced Sour Dough Bread,Slice (40g),100,2g,0g,0g,0mg,190mg,0mg,18g,0g,<,3g,2025-11-04T01:03:45.796630
Illinois Street Dining Center (ISR),Build Your Own,,,Sliced Swiss Cheese,Slice (19g),60,4.5g,2.5g,0g,15mg,200mg,NA,0g,0g,0g,4g,2025-11-04T01:03:45.796987
Illinois Street Dining Center (ISR),Build Your Own,,,Smoked Deli Ham,1 Ounce Slice (28g),30,1g,0.5g,0g,15mg,260mg,NA,0g,0g,0g,5g,2025-11-04T01:03:45.796885
Illinois Street Dining Center (ISR),Build Your Own,,,Sweet Pickle Relish,Tablespoon (14g),10,0g,0g,0g,0mg,135mg,NA,2g,0g,2g,0g,2025-11-04T01:03:45.797044
Illinois Street Dining Center (ISR),Build Your Own,,,Tomatoes,1/2 Cup (119g),20,0g,0g,NA,0mg,5mg,NA,5g,1g,3g,1g,2025-11-04T01:03:45.796941
Illinois Street Dining Center (ISR),Build Your Own,,,Wheat Berry Bread,Slice (41g),100,1.5g,0g,0g,0mg,180mg,NA,20g,1g,3g,3g,2025-11-04T01:03:45.796723
Illinois Street Dining Center (ISR),Build Your Own,,,Wheat Berry Bread,Slice (28g),80,1g,0g,0g,0mg,130mg,0mg,14g,<,1g,2g,2025-11-04T01:03:45.796809
Illinois Street Dining Center (ISR),Build Your Own,,,White Sandwich Bread,1 Slice (43g),120,1.5g,0.5g,0g,<,230mg,NA,24g,1g,5g,4g,2025-11-04T01:03:45.796736
Illinois Street Dining Center (ISR),Build Your Own,,,White Sandwich Bread,Slice (57g),150,2g,0g,NA,0mg,310mg,66mg,28g,1g,NA,4g,2025-11-04T01:03:45.796828
Illinois Street Dining Center (ISR),Cafe a la Crumb,,,Assorted Danishes,Danish (78g),370,18g,8g,0g,20mg,440mg,NA,49g,2g,25g,5g,2025-11-04T00:59:59.872066
Illinois Street Dining Center (ISR),Cafe a la Crumb,,,Assorted Donuts,Each (35g),130,8g,3.5g,0g,0mg,180mg,NA,14g,<,4g,2g,2025-11-04T00:59:59.872056
Illinois Street Dining Center (ISR),Cafe a la Crumb,,,Assorted Muffins,Muffin (60g),210,7g,1.5g,0g,20mg,130mg,NA,33g,0g,15g,3g,2025-11-04T00:59:59.872027
Illinois Street Dining Center (ISR),Fusion 48,,,Fattoush Salad,1/2 Cup (156g),180,11g,1.5g,NA,0mg,160mg,161mg,19g,3g,4g,4g,2025-11-04T00:50:58.744270
Illinois Street Dining Center (ISR),Fusion 48,,,Fresh Cilantro,Ounce (28g),5,0g,0g,NA,0mg,15mg,148mg,1g,<,0g,<,2025-11-04T00:50:58.744452
Illinois Street Dining Center (ISR),Fusion 48,,,Fresh Diced Cucumber,1/4 Cup (45g),5,0g,0g,0g,0mg,0mg,67mg,2g,0g,<,0g,2025-11-04T00:50:58.744371
Illinois Street Dining Center (ISR),Fusion 48,,,Fresh Diced Tomatoes,1/4 Cup (43g),10,0g,0g,NA,0mg,0mg,NA,2g,0g,1g,0g,2025-11-04T00:50:58.744385
Illinois Street Dining Center (ISR),Fusion 48,,,Fresh Mint,Ounce (28g),10,0g,0g,0g,0mg,10mg,130mg,2g,2g,0g,<,2025-11-04T00:50:58.744343
Illinois Street Dining Center (ISR),Fusion 48,,,Halal Butter Chicken,Cup (181g),320,22g,8g,NA,115mg,550mg,33mg,3g,0g,<,31g,2025-11-04T00:50:58.744327
Illinois Street Dining Center (ISR),Fusion 48,,,Halal Spiced Lamb,1/2 Cup (89g),230,15g,2g,NA,65mg,380mg,5mg,NA,NA,NA,22g,2025-11-04T00:50:58.744287
Illinois Street Dining Center (ISR),Fusion 48,,,Limes,Each (94g),30,0g,0g,0g,0mg,0mg,96mg,10g,3g,2g,<,2025-11-04T00:50:58.744479
Illinois Street Dining Center (ISR),Fusion 48,,,"Mango, Almond & Raisin Chutney",Ounce (28g),40,2g,NA,NA,NA,20mg,35mg,5g,<,4g,<,2025-11-04T00:50:58.744412
Illinois Street Dining Center (ISR),Fusion 48,,,Naan,Each (45g),140,3.5g,1g,0g,0mg,300mg,NA,20g,<,<,4g,2025-11-04T00:50:58.744149
Illinois Street Dining Center (ISR),Fusion 48,,,Onions French Fried,Ounce (28g),180,14g,8g,0g,0mg,240mg,NA,12g,0g,0g,0g,2025-11-04T00:50:58.744466
Illinois Street Dining Center (ISR),Fusion 48,,,Plain Greek Yogurt,1/2 Cup (113g),60,0g,0g,0g,5mg,40mg,NA,4g,0g,4g,11g,2025-11-04T00:50:58.744439
Illinois Street Dining Center (ISR),Fusion 48,,,Spring Mix Leafy Greens,Ounce (28g),0,0g,0g,0g,0mg,10mg,55mg,<,0g,0g,0g,2025-11-04T00:50:58.744357
Illinois Street Dining Center (ISR),Fusion 48,,,Tabasco Quinoa (JAIN),2 Balls (198g),360,21g,3g,NA,0mg,85mg,141mg,30g,8g,2g,11g,2025-11-04T00:50:58.744302
Illinois Street Dining Center (ISR),Fusion 48,,,Tikka Masala Sauce,Tablespoon (18g),10,0.5g,0g,0g,0mg,45mg,19mg,<,0g,0g,0g,2025-11-04T00:50:58.744425
Illinois Street Dining Center (ISR),Fusion 48,,,Yellow Basmati Rice,2/3 Cup (129g),170,1.5g,0g,NA,0mg,550mg,45mg,36g,0g,NA,3g,2025-11-04T00:50:58.744399
Illinois Street Dining Center (ISR),Grains & Greens,,,Chicken Gumbo with Andouille Sausage,1 Cup (249g),300,13g,6g,NA,70mg,500mg,83mg,25g,2g,2g,20g,2025-11-04T00:53:23.179375
Illinois Street Dining Center (ISR),Grains & Greens,,,Farro,1/2 Cup (96g),80,0g,0g,NA,0mg,210mg,65mg,18g,4g,NA,3g,2025-11-04T00:53:23.179356
Illinois Street Dining Center (ISR),Grains & Greens,,,Pesto Sauce,1/2 Cup (113g),380,38g,6g,0g,20mg,720mg,NA,4g,2g,0g,8g,2025-11-04T00:53:23.179380
Illinois Street Dining Center (ISR),Grains & Greens,,,Pita Bread,Each (74g),210,6g,1g,0g,0mg,340mg,NA,35g,2g,0g,6g,2025-11-04T00:53:23.179252
Illinois Street Dining Center (ISR),Grains & Greens,,,Roasted Red Pepper & Gouda Soup,Cup (240g),300,22g,9g,0.5g,40mg,900mg,NA,18g,4g,13g,7g,2025-11-04T00:53:23.179369
Illinois Street Dining Center (ISR),Grains & Greens,,,Smoked Hummus,1/4 Cup (56g),130,11g,1.5g,0g,0mg,100mg,1mg,7g,2g,1g,3g,2025-11-04T00:53:23.179351
Illinois Street Dining Center (ISR),Grains & Greens,,,Thai Cabbage Salad w/ Peanuts,1/2 Cup (84g),140,11g,1.5g,NA,0mg,290mg,183mg,8g,3g,4g,4g,2025-11-04T00:53:23.179362
Illinois Street Dining Center (ISR),Grains & Greens,,,Tuna Salad,1/2 Cup (116g),220,16g,3g,NA,80mg,520mg,178mg,2g,0g,2g,18g,2025-11-04T00:53:23.179346
Illinois Street Dining Center (ISR),Grillworks,,,Halal Chicken Sausage Links,Piece (37g),70,4.5g,1.5g,0g,30mg,220mg,NA,2g,0g,0g,6g,2025-11-04T00:54:54.724378
Illinois Street Dining Center (ISR),Grillworks,,,Hard Cooked Eggs,Each (50g),70,5g,1.5g,0g,180mg,70mg,NA,0g,0g,0g,6g,2025-11-04T00:54:54.724347
Illinois Street Dining Center (ISR),Grillworks,,,Italian-Seasoned Roasted Roma Tomatoes,1/4 Cup (57g),30,2.5g,0g,NA,0mg,135mg,135mg,3g,<,1g,<,2025-11-04T00:54:54.724402
Illinois Street Dining Center (ISR),Grillworks,,,Jain Tofu Scramble,1 Cup (181g),340,32g,2.5g,NA,0mg,1580mg,245mg,6g,1g,2g,8g,2025-11-04T00:54:54.724373
Illinois Street Dining Center (ISR),Grillworks,,,O'Brien Hashbrown Potatoes,1/2 Cup (154g),150,7g,0.5g,NA,0mg,130mg,559mg,22g,3g,2g,2g,2025-11-04T00:54:54.724413
Illinois Street Dining Center (ISR),Grillworks,,,Oatmeal,Cup (251g),150,2.5g,0g,NA,0mg,10mg,142mg,27g,4g,<,5g,2025-11-04T00:54:54.724397
Illinois Street Dining Center (ISR),Grillworks,,,Pancake Syrup,2 Tablespoon (40g),120,0g,0g,0g,0mg,0mg,NA,29g,0g,13g,0g,2025-11-04T00:54:54.724419
Illinois Street Dining Center (ISR),Grillworks,,,Scrambled Eggs,1/3 Cup (75g),150,11g,2.5g,0g,260mg,100mg,NA,0g,0g,0g,9g,2025-11-04T00:54:54.724384
Illinois Street Dining Center (ISR),Grillworks,,,Shrimp and Grits,Cup (283g),680,59g,36g,NA,270mg,1570mg,81mg,25g,1g,NA,15g,2025-11-04T00:54:54.724390
Illinois Street Dining Center (ISR),Grillworks,,,Vegetarian Sausage Patties,Patty (38g),70,2.5g,0g,0g,0mg,250mg,NA,4g,1g,1g,9g,2025-11-04T00:54:54.724366
Illinois Street Dining Center (ISR),Grillworks,,,White Rice,1/2 Cup (79g),100,0g,0g,NA,0mg,0mg,0mg,22g,0g,NA,4g,2025-11-04T00:54:54.724408
Illinois Street Dining Center (ISR),Inclusive Solutions Kitchen at ISR,,,4oz Turkey Burger,Burger (151g),210,13g,4g,0g,155mg,490mg,NA,<,0g,0g,23g,2025-11-04T00:52:08.046998
Illinois Street Dining Center (ISR),Inclusive Solutions Kitchen at ISR,,,Carrot Cake,Slice (1/96) (78g),250,11g,2g,NA,0mg,210mg,37mg,38g,<,27g,0g,2025-11-04T00:52:08.046982
Illinois Street Dining Center (ISR),Inclusive Solutions Kitchen at ISR,,,Fruit Tray,1/2 Cup (113g),50,0g,0g,NA,0mg,5mg,224mg,13g,1g,11g,<,2025-11-04T00:52:08.046990
Illinois Street Dining Center (ISR),Inclusive Solutions Kitchen at ISR,,,Little Northern Bakehouse Hamburger Buns,1 Bun (94g),240,6g,0g,0g,0mg,450mg,NA,40g,5g,6g,6g,2025-11-04T00:52:08.046972
Illinois Street Dining Center (ISR),Inclusive Solutions Kitchen at ISR,,,Quinoa Avocado Veggie Burgers,Patty (118g),290,18g,1.5g,NA,0mg,600mg,66mg,30g,3g,2g,4g,2025-11-04T00:52:08.047006
Illinois Street Dining Center (ISR),Inclusive Solutions Kitchen at ISR,,,Toasted Chickpeas,1/2 Cup (110g),200,6g,1g,NA,0mg,820mg,304mg,29g,8g,5g,9g,2025-11-04T00:52:08.046920
Illinois Street Dining Center (ISR),Inclusive Solutions Kitchen at ISR,,,Zesty Oven Roasted Broccoli,1/2 Cup (87g),60,4.5g,0.5g,0g,0mg,85mg,265mg,4g,2g,1g,2g,2025-11-04T00:52:08.047031
Illinois Street Dining Center (ISR),Latitude,,,Avocado,1/4 Cup (80g),130,12g,1.5g,0g,0mg,0mg,NA,7g,6g,0g,2g,2025-11-04T00:57:05.374780
Illinois Street Dining Center (ISR),Latitude,,,Chopped Eggs,Each (50g),80,5g,1.5g,0g,185mg,70mg,63mg,1g,0g,1g,6g,2025-11-04T00:57:05.374618
Illinois Street Dining Center (ISR),Latitude,,,Dressing Miso,2 Tablespoons (31g),140,14g,1g,NA,0mg,190mg,3mg,4g,0g,3g,0g,2025-11-04T00:57:05.374742
Illinois Street Dining Center (ISR),Latitude,,,Feta Cheese,2 Tablespoons (19g),50,4.5g,2.5g,0g,20mg,75mg,NA,<,0g,<,3g,2025-11-04T00:57:05.374682
Illinois Street Dining Center (ISR),Latitude,,,Fried Kale,1/2 Cup (29g),15,0g,0g,0g,0mg,150mg,NA,2g,1g,<,1g,2025-11-04T00:57:05.374661
Illinois Street Dining Center (ISR),Latitude,,,Good Karma Bowl,Serving (113g),N/A,N/A,N/A,N/A,N/A,N/A,N/A,N/A,N/A,N/A,N/A,2025-11-04T00:57:05.374540
Illinois Street Dining Center (ISR),Latitude,,,Halal Herb Grilled Chicken Breast,Piece (108g),130,6g,1g,NA,60mg,540mg,7mg,0g,0g,0g,21g,2025-11-04T00:57:05.374607
Illinois Street Dining Center (ISR),Latitude,,,Mashed Sweet Potatoes,1/2 Cup (191g),150,1g,0.5g,0g,<,370mg,418mg,36g,4g,24g,<,2025-11-04T00:57:05.374728
Illinois Street Dining Center (ISR),Latitude,,,Mediterranean Grilled Tofu,6 Ounce (148g),120,7g,0.5g,NA,0mg,180mg,164mg,5g,3g,<,12g,2025-11-04T00:57:05.374583
Illinois Street Dining Center (ISR),Latitude,,,Quinoa,1/2 Cup (101g),120,2g,0g,NA,0mg,5mg,NA,21g,3g,NA,4g,2025-11-04T00:57:05.374706
Illinois Street Dining Center (ISR),Latitude,,,Red Onion,3 Rings (18g),5,0g,0g,0g,0mg,0mg,21mg,1g,0g,<,0g,2025-11-04T00:57:05.374672
Illinois Street Dining Center (ISR),Latitude,,,Roasted Beets,1/2 Cup (94g),60,3g,0g,NA,0mg,150mg,293mg,9g,2g,6g,1g,2025-11-04T00:57:05.374629
Illinois Street Dining Center (ISR),Latitude,,,Roasted Carrots tossed with Fresh Herbs,1/2 Cup (119g),80,3.5g,0.5g,NA,0mg,180mg,371mg,11g,3g,5g,1g,2025-11-04T00:57:05.374640
Illinois Street Dining Center (ISR),Latitude,,,Sesame Ginger Dressing,2 Tbsp (32g),90,4.5g,0g,0g,0mg,350mg,NA,13g,0g,11g,0g,2025-11-04T00:57:05.374753
Illinois Street Dining Center (ISR),Latitude,,,Shredded Parmesan Cheese,Tablespoon (5g),20,1.5g,1g,0g,<,50mg,NA,0g,0g,0g,2g,2025-11-04T00:57:05.374695
Illinois Street Dining Center (ISR),Latitude,,,Smoked Hummus,1/4 Cup (56g),130,11g,1.5g,0g,0mg,100mg,1mg,7g,2g,1g,3g,2025-11-04T00:57:05.374595
Illinois Street Dining Center (ISR),Latitude,,,Spelt,1/2 Cup (79g),70,0g,0g,NA,0mg,0mg,54mg,15g,4g,NA,2g,2025-11-04T00:57:05.374718
Illinois Street Dining Center (ISR),Latitude,,,Spring Mix Leafy Greens,Ounce (28g),0,0g,0g,0g,0mg,10mg,55mg,<,0g,0g,0g,2025-11-04T00:57:05.374651
Illinois Street Dining Center (ISR),Saporito Pasta,,,Beef Meatballs,6 Each (85g),160,10g,4.5g,0g,25mg,750mg,NA,5g,5g,0g,18g,2025-11-04T00:58:20.658610
Illinois Street Dining Center (ISR),Saporito Pasta,,,Garlicky Sauteed Spinach,1/2 Cup (122g),70,6g,1g,NA,0mg,170mg,633mg,4g,2g,0g,3g,2025-11-04T00:58:20.658627
Illinois Street Dining Center (ISR),Saporito Pasta,,,Italian Garden Sauce,1/4 Cup (55g),35,2g,NA,NA,NA,180mg,42mg,5g,<,3g,<,2025-11-04T00:58:20.658650
Illinois Street Dining Center (ISR),Saporito Pasta,,,Marinara Sauce,1/4 Cup (64g),35,1g,0g,0g,0mg,270mg,NA,6g,1g,4g,1g,2025-11-04T00:58:20.658643
Illinois Street Dining Center (ISR),Saporito Pasta,,,Penne Pasta,Cup (131g),180,1g,0g,NA,0mg,70mg,40mg,37g,2g,<,6g,2025-11-04T00:58:20.658635
Illinois Street Dining Center (ISR),Saporito Pasta,,,Sautéed Mushrooms,1/4 Cup (24g),30,3g,0g,0g,0mg,0mg,65mg,<,0g,0g,<,2025-11-04T00:58:20.658619
Illinois Street Dining Center (ISR),Saporito Pasta,,,Sliced Garlic Bread,Slice (40g),140,8g,2g,0g,0mg,240mg,NA,14g,0g,0g,3g,2025-11-04T00:58:20.658555
Illinois Street Dining Center (ISR),Saporito Pasta,,,Toasted Chickpeas,1/2 Cup (110g),200,6g,1g,NA,0mg,820mg,304mg,29g,8g,5g,9g,2025-11-04T00:58:20.658600
Illinois Street Dining Center (ISR),Saporito Pizza,,,Caesar Salad,1 Cup (51g),120,9g,2g,NA,10mg,340mg,53mg,6g,0g,<,3g,2025-11-04T00:59:09.272503
Illinois Street Dining Center (ISR),Saporito Pizza,,,Halal Pepperoni Pizza,1/12 Slice (110g),290,16g,7g,NA,30mg,930mg,131mg,27g,1g,3g,14g,2025-11-04T00:59:09.272567
Illinois Street Dining Center (ISR),Saporito Pizza,,,Meatball Pizza,slice (134g),280,12g,6g,NA,25mg,930mg,NA,29g,3g,3g,19g,2025-11-04T00:59:09.272582
Illinois Street Dining Center (ISR),Saporito Pizza,,,Three Cheese Pizza,Slice (96g),220,9g,5g,NA,20mg,580mg,67mg,27g,1g,3g,11g,2025-11-04T00:59:09.272550
Illinois Street Dining Center (ISR),Saporito Pizza,,,Zesty Oven Roasted Broccoli,1/2 Cup (87g),60,4.5g,0.5g,0g,0mg,85mg,265mg,4g,2g,1g,2g,2025-11-04T00:59:09.272606
Lincoln Avenue Dining Hall (LAR),Build Your Own,,,100% Wheat Bagel,Each (112g),290,2.5g,1g,0g,0mg,410mg,NA,60g,8g,8g,13g,2025-11-04T01:20:02.682766
Lincoln Avenue Dining Hall (LAR),Build Your Own,,,100% Whole Wheat Bread,Slice (30g),80,2g,0g,NA,0mg,200mg,113mg,15g,2g,NA,2g,2025-11-04T01:20:02.682803
Lincoln Avenue Dining Hall (LAR),Build Your Own,,,9-Grain Bread,Slice (28g),80,1g,0g,NA,0mg,150mg,63mg,14g,2g,3g,3g,2025-11-04T01:20:02.682791
Lincoln Avenue Dining Hall (LAR),Build Your Own,,,American Cheese Slice,Slice (19g),70,5g,3.5g,0g,20mg,270mg,NA,1g,0g,1g,3g,2025-11-04T01:20:02.682886
Lincoln Avenue Dining Hall (LAR),Build Your Own,,,Blueberry Bagel,6ct (680g),2000,14g,7g,0g,0mg,2790mg,NA,394g,14g,64g,64g,2025-11-04T01:20:02.682780
Lincoln Avenue Dining Hall (LAR),Build Your Own,,,Bread Fzn Sliced Wheat Gordon Choice,Slice (28g),70,0.5g,0g,0g,0mg,140mg,NA,14g,1g,2g,3g,2025-11-04T01:20:02.682812
Lincoln Avenue Dining Hall (LAR),Build Your Own,,,Cheddar Cheese,Slice (21g),80,7g,4g,0g,20mg,135mg,NA,0g,0g,0g,5g,2025-11-04T01:20:02.682901
Lincoln Avenue Dining Hall (LAR),Build Your Own,,,Cinnamon Raisin Bagel,6ct (680g),2000,11g,3.5g,0g,0mg,2790mg,NA,401g,21g,79g,64g,2025-11-04T01:20:02.682786
Lincoln Avenue Dining Hall (LAR),Build Your Own,,,Cream Cheese,"1 oz (about 1"" cube) (28g)",100,9g,6g,0g,30mg,110mg,NA,<,0g,<,2g,2025-11-04T01:20:02.682906
Lincoln Avenue Dining Hall (LAR),Build Your Own,,,Deli Chicken Breast,1 Ounce Slice (28g),30,0.5g,0g,0g,15mg,270mg,NA,0g,0g,0g,6g,2025-11-04T01:20:02.682857
Lincoln Avenue Dining Hall (LAR),Build Your Own,,,Dill Pickle Slices,Tablespoon (14g),0,0g,0g,0g,0mg,130mg,NA,0g,0g,0g,0g,2025-11-04T01:20:02.682867
Lincoln Avenue Dining Hall (LAR),Build Your Own,,,English Muffins,Each (74g),170,1.5g,0g,0g,0mg,380mg,NA,31g,2g,1g,6g,2025-11-04T01:20:02.682760
Lincoln Avenue Dining Hall (LAR),Build Your Own,,,Green Leaf Lettuce,Leaf (7g),0,0g,0g,0g,0mg,0mg,14mg,0g,0g,0g,0g,2025-11-04T01:20:02.682862
Lincoln Avenue Dining Hall (LAR),Build Your Own,,,Halal Roast Beef,1oz Slice (28g),30,1g,0g,NA,15mg,250mg,65mg,0g,NA,NA,4g,2025-11-04T01:20:02.682832
Lincoln Avenue Dining Hall (LAR),Build Your Own,,,Halal Turkey Breast,1 Ounce Slice (28g),25,0.5g,0g,NA,10mg,280mg,NA,1g,0g,0g,4g,2025-11-04T01:20:02.682842
Lincoln Avenue Dining Hall (LAR),Build Your Own,,,Hard Salami,Ounce (28g),110,10g,4g,0g,35mg,450mg,NA,0g,0g,0g,5g,2025-11-04T01:20:02.682847
Lincoln Avenue Dining Hall (LAR),Build Your Own,,,Hummus,1/4 Cup (60g),100,5g,0.5g,0g,0mg,75mg,3mg,9g,2g,2g,3g,2025-11-04T01:20:02.682822
Lincoln Avenue Dining Hall (LAR),Build Your Own,,,Ketchup,Tablespoon (17g),20,0g,0g,0g,0mg,160mg,NA,5g,0g,4g,0g,2025-11-04T01:20:02.682920
Lincoln Avenue Dining Hall (LAR),Build Your Own,,,Mayonnaise,Tablespoon (14g),100,11g,1.5g,0g,5mg,75mg,NA,0g,0g,0g,0g,2025-11-04T01:20:02.682930
Lincoln Avenue Dining Hall (LAR),Build Your Own,,,Mustard,Tablespoon (18g),0,0g,0g,0g,0mg,280mg,NA,0g,0g,0g,0g,2025-11-04T01:20:02.682911
Lincoln Avenue Dining Hall (LAR),Build Your Own,,,"Plain, Blueberry&Cinnamon Raisin Bagels",4oz Bagel (113g),280,1g,0g,0g,0mg,530mg,NA,60g,2g,10g,9g,2025-11-04T01:20:02.682817
Lincoln Avenue Dining Hall (LAR),Build Your Own,,,Provolone Cheese Slices,Slice (21g),70,6g,3.5g,0g,15mg,180mg,NA,0g,0g,0g,5g,2025-11-04T01:20:02.682891
Lincoln Avenue Dining Hall (LAR),Build Your Own,,,Red Onion,3 Rings (18g),5,0g,0g,0g,0mg,0mg,21mg,1g,0g,<,0g,2025-11-04T01:20:02.682877
Lincoln Avenue Dining Hall (LAR),Build Your Own,,,Roasted Red Pepper Hummus,2 Tablespoons (30g),60,4g,0g,0g,0mg,170mg,NA,5g,1g,1g,2g,2025-11-04T01:20:02.682827
Lincoln Avenue Dining Hall (LAR),Build Your Own,,,Sauce BBQ Sweet Baby Rays No Sugar Added,Tablespoon (14g),10,0g,0g,0g,0mg,150mg,62mg,2g,0g,0g,0g,2025-11-04T01:20:02.682916
Lincoln Avenue Dining Hall (LAR),Build Your Own,,,Sliced Pepper Jack Cheese,Slice (21g),70,6g,3.5g,0g,20mg,120mg,NA,0g,0g,0g,5g,2025-11-04T01:20:02.682882
Lincoln Avenue Dining Hall (LAR),Build Your Own,,,Sliced Sour Dough Bread,Slice (40g),100,2g,0g,0g,0mg,190mg,0mg,18g,0g,<,3g,2025-11-04T01:20:02.682480
Lincoln Avenue Dining Hall (LAR),Build Your Own,,,Sliced Swiss Cheese,Slice (19g),60,4.5g,2.5g,0g,15mg,200mg,NA,0g,0g,0g,4g,2025-11-04T01:20:02.682896
Lincoln Avenue Dining Hall (LAR),Build Your Own,,,Smoked Deli Ham,1 Ounce Slice (28g),30,1g,0.5g,0g,15mg,260mg,NA,0g,0g,0g,5g,2025-11-04T01:20:02.682837
Lincoln Avenue Dining Hall (LAR),Build Your Own,,,Sweet Pickle Relish,Tablespoon (14g),10,0g,0g,0g,0mg,135mg,NA,2g,0g,2g,0g,2025-11-04T01:20:02.682925
Lincoln Avenue Dining Hall (LAR),Build Your Own,,,Tomatoes,1/2 Cup (119g),20,0g,0g,NA,0mg,5mg,NA,5g,1g,3g,1g,2025-11-04T01:20:02.682872
Lincoln Avenue Dining Hall (LAR),Build Your Own,,,Wheat Berry Bread,Slice (41g),100,1.5g,0g,0g,0mg,180mg,NA,20g,1g,3g,3g,2025-11-04T01:20:02.682746
Lincoln Avenue Dining Hall (LAR),Build Your Own,,,Wheat Berry Bread,Slice (28g),80,1g,0g,0g,0mg,130mg,0mg,14g,<,1g,2g,2025-11-04T01:20:02.682798
Lincoln Avenue Dining Hall (LAR),Build Your Own,,,White Sandwich Bread,1 Slice (43g),120,1.5g,0.5g,0g,<,230mg,NA,24g,1g,5g,4g,2025-11-04T01:20:02.682754
Lincoln Avenue Dining Hall (LAR),Build Your Own,,,White Sandwich Bread,Slice (57g),150,2g,0g,NA,0mg,310mg,66mg,28g,1g,NA,4g,2025-11-04T01:20:02.682807
Lincoln Avenue Dining Hall (LAR),LAR Daily Menu,,,"6"" Flour Tortilla",Each (31g),90,2g,1g,0g,0mg,190mg,NA,15g,0g,1g,2g,2025-11-04T01:16:16.196065
Lincoln Avenue Dining Hall (LAR),LAR Daily Menu,,,"6"" Yellow Corn Tortilla",Each (26g),70,0.5g,NA,NA,NA,NA,34mg,15g,1g,0g,1g,2025-11-04T01:16:16.196052
Lincoln Avenue Dining Hall (LAR),LAR Daily Menu,,,Black Beans,1/2 Cup (114g),100,3g,NA,NA,NA,140mg,42mg,15g,4g,2g,5g,2025-11-04T01:16:16.196143
Lincoln Avenue Dining Hall (LAR),LAR Daily Menu,,,"Bulgur, Walnut, & Grape Salad Jain",4oz Serving (112g),140,6g,1g,NA,0mg,70mg,87mg,21g,3g,10g,2g,2025-11-04T01:16:16.196085
Lincoln Avenue Dining Hall (LAR),LAR Daily Menu,,,California Blend Vegetables,1/2 Cup (113g),30,0g,0g,0g,0mg,40mg,NA,6g,4g,2g,2g,2025-11-04T01:16:16.196126
Lincoln Avenue Dining Hall (LAR),LAR Daily Menu,,,Caramel Cake,Slice (1/96) (51g),190,5g,2.5g,0g,10mg,190mg,NA,34g,0g,25g,3g,2025-11-04T01:16:16.196079
Lincoln Avenue Dining Hall (LAR),LAR Daily Menu,,,Char Grilled Carne Asada,5oz Portion (153g),490,45g,9g,NA,50mg,210mg,144mg,4g,<,<,20g,2025-11-04T01:16:16.196097
Lincoln Avenue Dining Hall (LAR),LAR Daily Menu,,,Chicken Tortilla Soup,1 Cup (244g),150,3.5g,NA,NA,30mg,360mg,94mg,19g,2g,2g,11g,2025-11-04T01:16:16.196114
Lincoln Avenue Dining Hall (LAR),LAR Daily Menu,,,Fire Roasted Corn,1/2 Cup (86g),130,5g,0g,0g,0mg,40mg,NA,19g,<,5g,3g,2025-11-04T01:16:16.196131
Lincoln Avenue Dining Hall (LAR),LAR Daily Menu,,,Fresh Tortilla Chips,16 Chips (63g),200,7g,1g,NA,NA,240mg,75mg,32g,3g,1g,3g,2025-11-04T01:16:16.196011
Lincoln Avenue Dining Hall (LAR),LAR Daily Menu,,,Halal Chicken Fajita w/ Peppers & Onions,1/2 Cup (127g),140,5g,0.5g,NA,65mg,85mg,56mg,2g,<,1g,20g,2025-11-04T01:16:16.196091
Lincoln Avenue Dining Hall (LAR),LAR Daily Menu,,,Heidi's Guacamole,1/4 Cup (70g),90,8g,1g,NA,0mg,60mg,22mg,6g,4g,0g,1g,2025-11-04T01:16:16.196153
Lincoln Avenue Dining Hall (LAR),LAR Daily Menu,,,Jain Black Bean Enchiladas,1/4 Cup (94g),130,6g,1.5g,NA,5mg,270mg,75mg,15g,2g,2g,5g,2025-11-04T01:16:16.196108
Lincoln Avenue Dining Hall (LAR),LAR Daily Menu,,,Plant-Based Fajita Beef,4oz (114g),50,10g,1g,NA,0mg,350mg,374mg,8g,2g,1g,18g,2025-11-04T01:16:16.196103
Lincoln Avenue Dining Hall (LAR),LAR Daily Menu,,,Queso Blanco Sauce,2 Tbsp (28g),80,6g,4g,0g,15mg,340mg,24mg,2g,0g,<,4g,2025-11-04T01:16:16.196159
Lincoln Avenue Dining Hall (LAR),LAR Daily Menu,,,Salsa Cocina Mexicana,1/2 Cup (123g),20,0g,0g,NA,0mg,5mg,16mg,5g,1g,3g,1g,2025-11-04T01:16:16.196165
Lincoln Avenue Dining Hall (LAR),LAR Daily Menu,,,Snickerdoodle Cookies,Cookie (43g),180,8g,4g,0g,15mg,160mg,NA,25g,0g,12g,2g,2025-11-04T01:16:16.196072
Lincoln Avenue Dining Hall (LAR),LAR Daily Menu,,,Soup Oberon's Bounty Vegan,3/4 Cup (170g),140,1g,0g,NA,0mg,420mg,167mg,24g,6g,1g,8g,2025-11-04T01:16:16.196120
Lincoln Avenue Dining Hall (LAR),LAR Daily Menu,,,Taco Toppings,1/2 Cup (136g),170,14g,7g,NA,30mg,390mg,86mg,6g,1g,2g,5g,2025-11-04T01:16:16.196148
Lincoln Avenue Dining Hall (LAR),LAR Daily Menu,,,Yellow Rice,1/2 Cup (142g),130,1.5g,0g,NA,0mg,70mg,10mg,27g,0g,NA,5g,2025-11-04T01:16:16.196136
Pennsylvania Avenue Dining Hall (PAR),Abbondante Grill,,,American Cheese Slice,Slice (19g),70,5g,3.5g,0g,20mg,270mg,NA,1g,0g,1g,3g,2025-11-04T01:06:07.681685
Pennsylvania Avenue Dining Hall (PAR),Abbondante Grill,,,Bacon,2 Slices (7g),80,6g,2g,0g,15mg,320mg,NA,0g,0g,0g,5g,2025-11-04T01:06:07.681838
Pennsylvania Avenue Dining Hall (PAR),Abbondante Grill,,,Cajun Aioli,2 Tablespoons (16g),110,12g,2g,0g,5mg,120mg,NA,0g,0g,0g,0g,2025-11-04T01:06:07.681823
Pennsylvania Avenue Dining Hall (PAR),Abbondante Grill,,,Cheddar Cheese,Slice (21g),80,7g,4g,0g,20mg,135mg,NA,0g,0g,0g,5g,2025-11-04T01:06:07.681700
Pennsylvania Avenue Dining Hall (PAR),Abbondante Grill,,,Dill Pickle Slices,Tablespoon (14g),0,0g,0g,0g,0mg,130mg,NA,0g,0g,0g,0g,2025-11-04T01:06:07.681946
Pennsylvania Avenue Dining Hall (PAR),Abbondante Grill,,,Garden Veggie Burger,Each (96g),150,4.5g,2g,0g,10mg,550mg,NA,22g,3g,<,7g,2025-11-04T01:06:07.681633
Pennsylvania Avenue Dining Hall (PAR),Abbondante Grill,,,Green Leaf Lettuce,Leaf (7g),0,0g,0g,0g,0mg,0mg,14mg,0g,0g,0g,0g,2025-11-04T01:06:07.681897
Pennsylvania Avenue Dining Hall (PAR),Abbondante Grill,,,Halal Grilled Chicken Breast,1 Each (112g),180,11g,1g,0g,60mg,200mg,10mg,0g,0g,0g,21g,2025-11-04T01:06:07.681651
Pennsylvania Avenue Dining Hall (PAR),Abbondante Grill,,,Hamburger Bun,Each (47g),130,2g,0g,0g,0mg,170mg,NA,25g,1g,4g,5g,2025-11-04T01:06:07.681576
Pennsylvania Avenue Dining Hall (PAR),Abbondante Grill,,,Provolone Cheese Slices,Slice (21g),70,6g,3.5g,0g,15mg,180mg,NA,0g,0g,0g,5g,2025-11-04T01:06:07.681733
Pennsylvania Avenue Dining Hall (PAR),Abbondante Grill,,,Red Kidney Beans,Ounce (28g),25,0g,0g,0g,0mg,30mg,0mg,5g,2g,0g,2g,2025-11-04T01:06:07.681763
Pennsylvania Avenue Dining Hall (PAR),Abbondante Grill,,,Red Onion,3 Rings (18g),5,0g,0g,0g,0mg,0mg,21mg,1g,0g,<,0g,2025-11-04T01:06:07.681929
Pennsylvania Avenue Dining Hall (PAR),Abbondante Grill,,,Sautéed Mushrooms,1/4 Cup (24g),30,3g,0g,0g,0mg,0mg,65mg,<,0g,0g,<,2025-11-04T01:06:07.681868
Pennsylvania Avenue Dining Hall (PAR),Abbondante Grill,,,Sautéed Onions,1/4 Cup (27g),20,1g,0g,NA,0mg,0mg,37mg,3g,0g,1g,0g,2025-11-04T01:06:07.681882
Pennsylvania Avenue Dining Hall (PAR),Abbondante Grill,,,Shoestring Fries,3 oz (94g),230,16g,3g,0g,0mg,280mg,NA,23g,2g,1g,2g,2025-11-04T01:06:07.681803
Pennsylvania Avenue Dining Hall (PAR),Abbondante Grill,,,Shredded Lettuce,Ounce (28g),0,0g,0g,0g,0mg,0mg,40mg,<,0g,0g,0g,2025-11-04T01:06:07.681853
Pennsylvania Avenue Dining Hall (PAR),Abbondante Grill,,,Sliced Pepper Jack Cheese,Slice (21g),70,6g,3.5g,0g,20mg,120mg,NA,0g,0g,0g,5g,2025-11-04T01:06:07.681717
Pennsylvania Avenue Dining Hall (PAR),Abbondante Grill,,,Sliced Swiss Cheese,Slice (19g),60,4.5g,2.5g,0g,15mg,200mg,NA,0g,0g,0g,4g,2025-11-04T01:06:07.681749
Pennsylvania Avenue Dining Hall (PAR),Abbondante Grill,,,Sliced Tomatoes,Slice (27g),0,0g,0g,NA,0mg,0mg,NA,1g,0g,<,0g,2025-11-04T01:06:07.681912
Pennsylvania Avenue Dining Hall (PAR),Abbondante Grill,,,Steamed Broccoli Florets,1/2 Cup (115g),40,0g,0g,0g,0mg,25mg,NA,8g,5g,2g,5g,2025-11-04T01:06:07.681667
Pennsylvania Avenue Dining Hall (PAR),Abbondante Pizza & Pasta,,,Crushed Red Pepper,1/4 tsp (0g),0,0g,0g,0g,0mg,0mg,NA,0g,0g,0g,0g,2025-11-04T01:07:00.174661
Pennsylvania Avenue Dining Hall (PAR),Abbondante Pizza & Pasta,,,Grated Parmesan Cheese,2 Tablespoons (10g),45,3g,1.5g,NA,10mg,150mg,NA,0g,0g,0g,4g,2025-11-04T01:07:00.174647
Pennsylvania Avenue Dining Hall (PAR),Abbondante Pizza & Pasta,,,Sausage Pizza,1/12 Slice (110g),260,13g,6g,0g,25mg,730mg,65mg,27g,1g,3g,13g,2025-11-04T01:07:00.174631
Pennsylvania Avenue Dining Hall (PAR),Abbondante Pizza & Pasta,,,Three Cheese Pizza,Slice (96g),220,9g,5g,NA,20mg,580mg,67mg,27g,1g,3g,11g,2025-11-04T01:07:00.174590
Pennsylvania Avenue Dining Hall (PAR),Build Your Own,,,100% Wheat Bagel,Each (112g),290,2.5g,1g,0g,0mg,410mg,NA,60g,8g,8g,13g,2025-11-04T01:13:53.581892
Pennsylvania Avenue Dining Hall (PAR),Build Your Own,,,100% Whole Wheat Bread,Slice (30g),80,2g,0g,NA,0mg,200mg,113mg,15g,2g,NA,2g,2025-11-04T01:13:53.581954
Pennsylvania Avenue Dining Hall (PAR),Build Your Own,,,9-Grain Bread,Slice (28g),80,1g,0g,NA,0mg,150mg,63mg,14g,2g,3g,3g,2025-11-04T01:13:53.581938
Pennsylvania Avenue Dining Hall (PAR),Build Your Own,,,American Cheese Slice,Slice (19g),70,5g,3.5g,0g,20mg,270mg,NA,1g,0g,1g,3g,2025-11-04T01:13:53.582129
Pennsylvania Avenue Dining Hall (PAR),Build Your Own,,,Blueberry Bagel,6ct (680g),2000,14g,7g,0g,0mg,2790mg,NA,394g,14g,64g,64g,2025-11-04T01:13:53.581921
Pennsylvania Avenue Dining Hall (PAR),Build Your Own,,,Bread Fzn Sliced Wheat Gordon Choice,Slice (28g),70,0.5g,0g,0g,0mg,140mg,NA,14g,1g,2g,3g,2025-11-04T01:13:53.581981
Pennsylvania Avenue Dining Hall (PAR),Build Your Own,,,Cheddar Cheese,Slice (21g),80,7g,4g,0g,20mg,135mg,NA,0g,0g,0g,5g,2025-11-04T01:13:53.582145
Pennsylvania Avenue Dining Hall (PAR),Build Your Own,,,Cinnamon Raisin Bagel,6ct (680g),2000,11g,3.5g,0g,0mg,2790mg,NA,401g,21g,79g,64g,2025-11-04T01:13:53.581930
Pennsylvania Avenue Dining Hall (PAR),Build Your Own,,,Cream Cheese,"1 oz (about 1"" cube) (28g)",100,9g,6g,0g,30mg,110mg,NA,<,0g,<,2g,2025-11-04T01:13:53.582150
Pennsylvania Avenue Dining Hall (PAR),Build Your Own,,,Deli Chicken Breast,1 Ounce Slice (28g),30,0.5g,0g,0g,15mg,270mg,NA,0g,0g,0g,6g,2025-11-04T01:13:53.582046
Pennsylvania Avenue Dining Hall (PAR),Build Your Own,,,Dill Pickle Slices,Tablespoon (14g),0,0g,0g,0g,0mg,130mg,NA,0g,0g,0g,0g,2025-11-04T01:13:53.582061
Pennsylvania Avenue Dining Hall (PAR),Build Your Own,,,English Muffins,Each (74g),170,1.5g,0g,0g,0mg,380mg,NA,31g,2g,1g,6g,2025-11-04T01:13:53.581875
Pennsylvania Avenue Dining Hall (PAR),Build Your Own,,,Green Leaf Lettuce,Leaf (7g),0,0g,0g,0g,0mg,0mg,14mg,0g,0g,0g,0g,2025-11-04T01:13:53.582054
Pennsylvania Avenue Dining Hall (PAR),Build Your Own,,,Halal Roast Beef,1oz Slice (28g),30,1g,0g,NA,15mg,250mg,65mg,0g,NA,NA,4g,2025-11-04T01:13:53.582013
Pennsylvania Avenue Dining Hall (PAR),Build Your Own,,,Halal Turkey Breast,1 Ounce Slice (28g),25,0.5g,0g,NA,10mg,280mg,NA,1g,0g,0g,4g,2025-11-04T01:13:53.582031
Pennsylvania Avenue Dining Hall (PAR),Build Your Own,,,Hard Salami,Ounce (28g),110,10g,4g,0g,35mg,450mg,NA,0g,0g,0g,5g,2025-11-04T01:13:53.582038
Pennsylvania Avenue Dining Hall (PAR),Build Your Own,,,Hummus,1/4 Cup (60g),100,5g,0.5g,0g,0mg,75mg,3mg,9g,2g,2g,3g,2025-11-04T01:13:53.581996
Pennsylvania Avenue Dining Hall (PAR),Build Your Own,,,Ketchup,Tablespoon (17g),20,0g,0g,0g,0mg,160mg,NA,5g,0g,4g,0g,2025-11-04T01:13:53.582166
Pennsylvania Avenue Dining Hall (PAR),Build Your Own,,,Mayonnaise,Tablespoon (14g),100,11g,1.5g,0g,5mg,75mg,NA,0g,0g,0g,0g,2025-11-04T01:13:53.582176
Pennsylvania Avenue Dining Hall (PAR),Build Your Own,,,Mustard,Tablespoon (18g),0,0g,0g,0g,0mg,280mg,NA,0g,0g,0g,0g,2025-11-04T01:13:53.582155
Pennsylvania Avenue Dining Hall (PAR),Build Your Own,,,"Plain, Blueberry&Cinnamon Raisin Bagels",4oz Bagel (113g),280,1g,0g,0g,0mg,530mg,NA,60g,2g,10g,9g,2025-11-04T01:13:53.581988
Pennsylvania Avenue Dining Hall (PAR),Build Your Own,,,Provolone Cheese Slices,Slice (21g),70,6g,3.5g,0g,15mg,180mg,NA,0g,0g,0g,5g,2025-11-04T01:13:53.582135
Pennsylvania Avenue Dining Hall (PAR),Build Your Own,,,Red Onion,3 Rings (18g),5,0g,0g,0g,0mg,0mg,21mg,1g,0g,<,0g,2025-11-04T01:13:53.582118
Pennsylvania Avenue Dining Hall (PAR),Build Your Own,,,Roasted Red Pepper Hummus,2 Tablespoons (30g),60,4g,0g,0g,0mg,170mg,NA,5g,1g,1g,2g,2025-11-04T01:13:53.582004
Pennsylvania Avenue Dining Hall (PAR),Build Your Own,,,Sauce BBQ Sweet Baby Rays No Sugar Added,Tablespoon (14g),10,0g,0g,0g,0mg,150mg,62mg,2g,0g,0g,0g,2025-11-04T01:13:53.582161
Pennsylvania Avenue Dining Hall (PAR),Build Your Own,,,Sliced Pepper Jack Cheese,Slice (21g),70,6g,3.5g,0g,20mg,120mg,NA,0g,0g,0g,5g,2025-11-04T01:13:53.582124
Pennsylvania Avenue Dining Hall (PAR),Build Your Own,,,Sliced Sour Dough Bread,Slice (40g),100,2g,0g,0g,0mg,190mg,0mg,18g,0g,<,3g,2025-11-04T01:13:53.581656
Pennsylvania Avenue Dining Hall (PAR),Build Your Own,,,Sliced Swiss Cheese,Slice (19g),60,4.5g,2.5g,0g,15mg,200mg,NA,0g,0g,0g,4g,2025-11-04T01:13:53.582140
Pennsylvania Avenue Dining Hall (PAR),Build Your Own,,,Smoked Deli Ham,1 Ounce Slice (28g),30,1g,0.5g,0g,15mg,260mg,NA,0g,0g,0g,5g,2025-11-04T01:13:53.582021
Pennsylvania Avenue Dining Hall (PAR),Build Your Own,,,Sweet Pickle Relish,Tablespoon (14g),10,0g,0g,0g,0mg,135mg,NA,2g,0g,2g,0g,2025-11-04T01:13:53.582171
Pennsylvania Avenue Dining Hall (PAR),Build Your Own,,,Tomatoes,1/2 Cup (119g),20,0g,0g,NA,0mg,5mg,NA,5g,1g,3g,1g,2025-11-04T01:13:53.582101
Pennsylvania Avenue Dining Hall (PAR),Build Your Own,,,Wheat Berry Bread,Slice (41g),100,1.5g,0g,0g,0mg,180mg,NA,20g,1g,3g,3g,2025-11-04T01:13:53.581829
Pennsylvania Avenue Dining Hall (PAR),Build Your Own,,,Wheat Berry Bread,Slice (28g),80,1g,0g,0g,0mg,130mg,0mg,14g,<,1g,2g,2025-11-04T01:13:53.581946
Pennsylvania Avenue Dining Hall (PAR),Build Your Own,,,White Sandwich Bread,1 Slice (43g),120,1.5g,0.5g,0g,<,230mg,NA,24g,1g,5g,4g,2025-11-04T01:13:53.581845
Pennsylvania Avenue Dining Hall (PAR),Build Your Own,,,White Sandwich Bread,Slice (57g),150,2g,0g,NA,0mg,310mg,66mg,28g,1g,NA,4g,2025-11-04T01:13:53.581972
Pennsylvania Avenue Dining Hall (PAR),La Avenida,,,Bacon,2 Strips (14g),20,1.5g,0.5g,0g,<,50mg,NA,0g,0g,0g,2g,2025-11-04T01:08:37.321982
Pennsylvania Avenue Dining Hall (PAR),La Avenida,,,Crepe Shell,1 Crepe (21g),70,4g,1.5g,0g,30mg,95mg,NA,7g,0g,2g,2g,2025-11-04T01:08:37.321911
Pennsylvania Avenue Dining Hall (PAR),La Avenida,,,Hard Cooked Eggs,Each (50g),70,5g,1.5g,0g,180mg,70mg,NA,0g,0g,0g,6g,2025-11-04T01:08:37.322007
Pennsylvania Avenue Dining Hall (PAR),La Avenida,,,Italian-Seasoned Roasted Roma Tomatoes,1/4 Cup (57g),30,2.5g,0g,NA,0mg,135mg,135mg,3g,<,1g,<,2025-11-04T01:08:37.322294
Pennsylvania Avenue Dining Hall (PAR),La Avenida,,,Jain Tofu Scramble,1 Cup (181g),340,32g,2.5g,NA,0mg,1580mg,245mg,6g,1g,2g,8g,2025-11-04T01:08:37.322019
Pennsylvania Avenue Dining Hall (PAR),La Avenida,,,Nutella Hazelnut Spread,2 Tablespoon (37g),200,11g,3.5g,0g,0mg,15mg,141mg,22g,1g,21g,3g,2025-11-04T01:08:37.322309
Pennsylvania Avenue Dining Hall (PAR),La Avenida,,,Oatmeal,Cup (251g),150,2.5g,0g,NA,0mg,10mg,142mg,27g,4g,<,5g,2025-11-04T01:08:37.322032
Pennsylvania Avenue Dining Hall (PAR),La Avenida,,,Pancake Syrup,2 Tablespoon (40g),120,0g,0g,0g,0mg,0mg,NA,29g,0g,13g,0g,2025-11-04T01:08:37.322254
Pennsylvania Avenue Dining Hall (PAR),La Avenida,,,Scrambled Eggs,1/3 Cup (75g),150,11g,2.5g,0g,260mg,100mg,NA,0g,0g,0g,9g,2025-11-04T01:08:37.321994
Pennsylvania Avenue Dining Hall (PAR),La Avenida,,,Seasoned Potatoes,1/2 Cup (94g),230,17g,2.5g,0g,0mg,360mg,NA,18g,<,<,2g,2025-11-04T01:08:37.322046
Pennsylvania Avenue Dining Hall (PAR),La Avenida,,,Vegetarian Sausage Patties,Patty (38g),70,2.5g,0g,0g,0mg,250mg,NA,4g,1g,1g,9g,2025-11-04T01:08:37.321968
Pennsylvania Avenue Dining Hall (PAR),La Avenida,,,White Rice,1/2 Cup (79g),100,0g,0g,NA,0mg,0mg,0mg,22g,0g,NA,4g,2025-11-04T01:08:37.322059
Pennsylvania Avenue Dining Hall (PAR),"Provolone Soup, Salad, Deli & Dessert Station",,,Apple Crumble Bar,Slice (1/96) (50g),180,7g,3.5g,NA,10mg,170mg,5mg,28g,1g,15g,2g,2025-11-04T01:09:46.546188
Pennsylvania Avenue Dining Hall (PAR),"Provolone Soup, Salad, Deli & Dessert Station",,,Chicken Dumpling Soup,1 cup (245g),170,5g,2g,0g,40mg,990mg,NA,25g,1g,2g,6g,2025-11-04T01:09:46.546239
Pennsylvania Avenue Dining Hall (PAR),"Provolone Soup, Salad, Deli & Dessert Station",,,Cream of Cauliflower Soup,1 Cup (325g),320,24g,15g,NA,80mg,125mg,373mg,19g,3g,11g,9g,2025-11-04T01:09:46.546254
Pennsylvania Avenue Dining Hall (PAR),"Provolone Soup, Salad, Deli & Dessert Station",,,Long Life Salad w/Pistachios Jain,Cup (169g),350,13g,1g,NA,NA,20mg,216mg,55g,8g,31g,8g,2025-11-04T01:09:46.546223
Pennsylvania Avenue Dining Hall (PAR),"Provolone Soup, Salad, Deli & Dessert Station",,,Pesto Sauce,1/2 Cup (113g),380,38g,6g,0g,20mg,720mg,NA,4g,2g,0g,8g,2025-11-04T01:09:46.546268
Pennsylvania Avenue Dining Hall (PAR),"Provolone Soup, Salad, Deli & Dessert Station",,,Pita Bread,Each (74g),210,6g,1g,0g,0mg,340mg,NA,35g,2g,0g,6g,2025-11-04T01:09:46.546140
Pennsylvania Avenue Dining Hall (PAR),"Provolone Soup, Salad, Deli & Dessert Station",,,Red Pepper Hummus,1/4 Cup (52g),80,4.5g,0.5g,0g,0mg,110mg,NA,7g,1g,1g,3g,2025-11-04T01:09:46.546207